<?xml version="1.0" encoding="UTF-8"?>
<!DOCTYPE generatorConfiguration PUBLIC "-//mybatis.org//DTD MyBatis Generator Configuration 1.0//EN" "http://mybatis.org/dtd/mybatis-generator-config_1_0.dtd">
<generatorConfiguration>
	<!-- C:\Users\p9030576\.m2\repository\postgresql\postgresql\9.1-901-1.jdbc4\postgresql-9.1-901-1.jdbc4.jar -->
  <classPathEntry location="C:\Users\p9030576\.m2\repository\postgresql\postgresql\9.1-901-1.jdbc4\postgresql-9.1-901-1.jdbc4.jar" />
  <context id="context1">
    <jdbcConnection connectionURL="jdbc:postgresql://localhost:5432/la" driverClass="org.postgresql.Driver" password="19786028" userId="postgres" />
    <javaModelGenerator targetPackage="com.cisco.la.model" targetProject="la-service" />
    <sqlMapGenerator targetPackage="com.cisco.la.mapper" targetProject="la-service" />
    <javaClientGenerator targetPackage="com.cisco.la.mapper" targetProject="la-service" type="XMLMAPPER" />

    <table schema="public" tableName="LA_COURSE" domainObjectName="CourseModel">
      <columnOverride column="CRS_ID" property="id"  />
      <columnOverride column="CRS_NAME" property="name"  />
      <columnOverride column="CRS_PRICE" property="price"  />
      <columnOverride column="CRS_STARTDATE" property="startDate"  />
      <columnOverride column="CRS_ENDDATE" property="endDate"  />
      <columnOverride column="CRS_ACTIVE" property="active"  />
    </table>
    <table schema="public" tableName="LA_CRS_HISTORY" domainObjectName="CourseHistoryModel">
      <columnOverride column="HSTR_USR_ID" property="userID"  />
      <columnOverride column="HSTR_CRS_ID" property="CourseID"  />
    </table>
    <table schema="public" tableName="LA_GOLDEN_SAMPLE" domainObjectName="GoldenSampleModel">
      <columnOverride column="SMPL_NAME" property="name"  />
      <columnOverride column="SMPL_ROLE" property="role"  />
      <columnOverride column="SMPL_RL_NAME" property="roleName"  />
      <columnOverride column="SMPL_MANDATORY" property="mandatory"  />
      <columnOverride column="SMPL_OPTIONAL" property="optional"  />
      <columnOverride column="SMPL_UPDATE_TIME" property="updateTime"  />
      <columnOverride column="SMPL_ACTIVE" property="active"  />
    </table>
    <table schema="public" tableName="LA_RL_HISTORY" domainObjectName="RoleHistoryModel">
      <columnOverride column="HSTR_USR_ID" property="userID"  />
      <columnOverride column="HSTR_RL_NAME" property="roleName"  />
      <columnOverride column="HSTR_RL_HISTORY" property="roleHistory"  />
      <columnOverride column="HSTR_UPDATE_TIME" property="updateTime"  />
    </table>
    <table schema="public" tableName="LA_RL_HISTORY" domainObjectName="RoleHistoryModel">
      <columnOverride column="HSTR_USR_ID" property="userID"  />
      <columnOverride column="HSTR_RL_NAME" property="roleName"  />
      <columnOverride column="HSTR_RL_HISTORY" property="roleHistory"  />
      <columnOverride column="HSTR_UPDATE_TIME" property="updateTime"  />
    </table>
    <table schema="public" tableName="LA_ROLE" domainObjectName="RoleModel">
      <columnOverride column="RL_NAME" property="id"  />
      <columnOverride column="RL_BU" property="name"  />
      <columnOverride column="RL_TITLE" property="budget"  />
      <columnOverride column="RL_GRADE" property="balance"  />
      <columnOverride column="RL_ACTIVE" property="bu"  />
    </table>
    
    <table schema="public" tableName="LA_USER" domainObjectName="UserModel">
      <columnOverride column="USR_ID" property="id"  />
      <columnOverride column="USR_NAME" property="name"  />
      <columnOverride column="USR_BUDGET" property="budget"  />
      <columnOverride column="USR_BALANCE" property="balance"  />
      <columnOverride column="USR_BU" property="bu"  />
      <columnOverride column="USR_TITLE" property="title"  />
      <columnOverride column="USR_GRADE" property="grade"  />
      <columnOverride column="USR_RL_NAME" property="roleName"  />
      <columnOverride column="USR_ACTIVE" property="active"  />
    </table>
  </context>
</generatorConfiguration>