<?xml version="1.0" encoding="UTF-8" ?>
<!DOCTYPE configuration
  PUBLIC "-//mybatis.org//DTD Config 3.0//EN"
  "http://mybatis.org/dtd/mybatis-3-config.dtd">
<configuration>
  <typeAliases>
    <package name="com.cisco.la.entity"/>
  </typeAliases>

  <environments default="product">
    <environment id="development">
      <transactionManager type="JDBC" />
      <dataSource type="POOLED">
        <property name="driver" value="org.postgresql.Driver" />
        <property name="url" value="jdbc:postgresql://localhost:5432/la" />
        <property name="username" value="postgres" />
        <property name="password" value="19786028" />
      </dataSource>
    </environment>
    <environment id="product">
      <transactionManager type="JDBC" />
      <dataSource type="POOLED">
        <property name="driver" value="org.postgresql.Driver" />
        <property name="url" value="jdbc:postgresql://google/postgres?useSSL=false&amp;socketFactoryArg=newagent-25039:asia-northeast1:la&amp;socketFactory=com.google.cloud.sql.postgres.SocketFactory&amp;user=postgres&amp;password=la123456" />
        <property name="username" value="postgres" />
        <property name="password" value="la123456" />
      </dataSource>
    </environment>
  </environments>

  <mappers>
    <mapper resource="com/cisco/la/dao/LaUserMapper.xml" />
    <mapper resource="com/cisco/la/dao/LaRlHistoryMapper.xml" />
    <mapper resource="com/cisco/la/dao/LaCrsHistoryMapper.xml" />
  </mappers>


</configuration>








